{"scmamba": {"Modularity": 0.20765614043172378, "Biological Index": 0.0049395974143003835}, "scgpt": {"Modularity": 0.37690434245867027, "Biological Index": 0.012812511290907509}, "scbert": {"Modularity": 0.6100440521391339, "Biological Index": 0.016995317481467674}, "scfoundation": {"Modularity": 0.06287770161726355, "Biological Index": 0.008815330552077696}}